allele_id,prefix_consistency,in_optimal,objective_diff,band0_copies,band1_copies,band2_copies,band3_copies,band4_copies,band5_copies,sample_id,gene_type,is_functional_db,is_functional_file,is_functional
IGHV3-16*02,1,True,2.000244977951984,2.0,1.0,0.0,1.0,1.0,0,HG03492,IGHV,False,False,False
IGHV3-47*01,4,True,8.000979911807937,2.0,2.0,2.0,2.0,2.0,0,HG03492,IGHV,False,False,False
IGHV(II)-7-1*01,0,False,,0.0,0.0,0.0,0.0,1.0,0,HG03492,IGHV,False,False,False
IGHV(II)-78-1*02,1,True,2.000244977951984,1.0,2.0,1.0,2.0,0.0,0,HG03492,IGHV,False,False,False
IGHV3-21*04,0,False,,0.0,0.0,1.0,0.0,0.0,0,HG03492,IGHV,True,False,True
IGHV7-56*01,0,False,,0.0,0.0,1.0,1.0,0.0,0,HG03492,IGHV,False,False,False
IGHV3-30-33*02,0,False,,0.0,0.0,0.0,1.0,0.0,0,HG03492,IGHV,False,False,False
IGHV3-16*01,0,False,,0.0,0.0,1.0,1.0,0.0,0,HG03492,IGHV,False,False,False
IGHV1-69-2*02,0,False,,0.0,0.0,0.0,1.0,0.0,0,HG03492,IGHV,True,False,True
IGHV3-11*01,3,True,6.000734933855953,1.0,1.0,1.0,1.0,0.0,0,HG03492,IGHV,True,True,True
IGHV(II)-22-1D*02,0,False,,0.0,0.0,1.0,0.0,1.0,0,HG03492,IGHV,False,False,False
IGHV3-33*08,2,False,4.000489955903968,0.0,1.0,1.0,0.0,1.0,0,HG03492,IGHV,True,False,True
IGHV4-39*03,1,False,2.000244977951984,0.0,1.0,0.0,1.0,0.0,0,HG03492,IGHV,True,False,True
IGHV(II)-43-1*02,1,True,2.000244977951984,1.0,1.0,0.0,2.0,1.0,0,HG03492,IGHV,False,False,False
IGHV4-39*01,0,True,,1.0,0.0,0.0,0.0,0.0,0,HG03492,IGHV,True,True,True
IGHV(II)-51-2*02,1,True,2.000244977951984,2.0,2.0,1.0,2.0,1.0,0,HG03492,IGHV,False,False,False
IGHV5-51*05,0,False,,0.0,0.0,1.0,0.0,0.0,0,HG03492,IGHV,True,False,True
IGHV2-26*03,0,False,,0.0,0.0,0.0,1.0,0.0,0,HG03492,IGHV,True,False,True
IGHV3/OR16-10*01,1,True,2.000244977951984,4.0,3.0,2.0,3.0,2.0,0,HG03492,IGHV,False,False,False
IGHV(II)-44-2*01,4,True,8.000979911807937,2.0,2.0,2.0,2.0,2.0,0,HG03492,IGHV,False,False,False
IGHV1/OR16-1*01,1,True,2.000244977951984,2.0,2.0,3.0,2.0,2.0,0,HG03492,IGHV,False,False,False
IGHV3-37*02,4,True,8.000979911807937,2.0,2.0,2.0,2.0,2.0,0,HG03492,IGHV,False,False,False
IGHV3-73*01,1,True,2.000244977951984,2.0,2.0,1.0,2.0,1.0,0,HG03492,IGHV,True,True,True
IGHV1-24*01,3,True,6.000734933855953,1.0,1.0,1.0,1.0,2.0,0,HG03492,IGHV,True,True,True
IGHV(III)-11-1*02,4,True,8.000979911807937,1.0,1.0,1.0,1.0,1.0,0,HG03492,IGHV,False,False,False
IGHV3-33-2*01,3,True,6.000734933855953,2.0,2.0,2.0,2.0,1.0,0,HG03492,IGHV,False,False,False
IGHV3-66*04,4,False,8.000979911807937,0.0,1.0,1.0,1.0,1.0,0,HG03492,IGHV,True,False,True
IGHV1/OR15-2*03,2,True,4.000489955903968,1.0,1.0,1.0,2.0,1.0,0,HG03492,IGHV,False,False,False
IGHV4-55*04,1,False,2.000244977951984,0.0,1.0,0.0,0.0,0.0,0,HG03492,IGHV,False,False,False
IGHV3-9*01,2,True,4.000489955903968,1.0,1.0,1.0,0.0,0.0,0,HG03492,IGHV,True,True,True
IGHV3/OR15-7*03,2,True,4.000489955903968,2.0,2.0,2.0,1.0,0.0,0,HG03492,IGHV,False,False,False
IGHV3/OR16-7*02,4,True,8.000979911807937,1.0,1.0,1.0,1.0,1.0,0,HG03492,IGHV,False,False,False
IGHV4-30-2*05,1,False,2.000244977951984,0.0,1.0,0.0,0.0,0.0,0,HG03492,IGHV,True,False,True
IGHV(II)-67-1*02,4,True,8.000979911807937,1.0,1.0,1.0,1.0,1.0,0,HG03492,IGHV,False,False,False
IGHV3/OR16-17*01,4,True,8.000979911807937,2.0,2.0,2.0,2.0,2.0,0,HG03492,IGHV,False,False,False
IGHV3/OR16-18*01,4,True,8.000979911807937,2.0,2.0,2.0,2.0,2.0,0,HG03492,IGHV,False,False,False
IGHV(II)-51-2*01,0,False,,0.0,0.0,1.0,0.0,1.0,0,HG03492,IGHV,False,False,False
IGHV6-1*01,2,True,4.000489955903968,1.0,1.0,1.0,0.0,1.0,0,HG03492,IGHV,True,True,True
IGHV1/OR15-6*01,4,True,8.000979911807937,4.0,4.0,4.0,4.0,4.0,0,HG03492,IGHV,False,False,False
IGHV3-52*03,2,False,4.000489955903968,0.0,1.0,1.0,0.0,0.0,0,HG03492,IGHV,False,False,False
IGHV(II)-49-1*01,4,True,8.000979911807937,2.0,2.0,2.0,2.0,2.0,0,HG03492,IGHV,False,False,False
IGHV1-58*02,4,True,8.000979911807937,2.0,2.0,2.0,2.0,2.0,0,HG03492,IGHV,True,True,True
IGHV(II)-33-1*01,3,True,6.000734933855953,1.0,1.0,1.0,1.0,0.0,0,HG03492,IGHV,False,False,False
IGHV(III)-38-1*01,0,False,,0.0,0.0,0.0,0.0,1.0,0,HG03492,IGHV,False,False,False
IGHV3-15*03,0,False,,0.0,0.0,0.0,0.0,1.0,0,HG03492,IGHV,True,False,True
IGHV3-20*04,1,False,2.000244977951984,0.0,1.0,0.0,1.0,1.0,0,HG03492,IGHV,True,False,True
IGHV1/OR16-3*01,1,True,2.000244977951984,3.0,2.0,3.0,3.0,3.0,0,HG03492,IGHV,False,False,False
IGHV3-30*01,0,False,,0.0,0.0,0.0,1.0,0.0,0,HG03492,IGHV,True,False,True
IGHV(II)-30-41*01,0,True,,1.0,0.0,0.0,1.0,1.0,0,HG03492,IGHV,False,False,False
IGHV2-5*02,2,True,4.000489955903968,1.0,1.0,1.0,0.0,1.0,0,HG03492,IGHV,True,True,True
IGHV4-4*10,0,False,,0.0,0.0,1.0,0.0,1.0,0,HG03492,IGHV,True,False,True
IGHV3-15*01,1,True,2.000244977951984,2.0,2.0,0.0,1.0,1.0,0,HG03492,IGHV,True,True,True
IGHV3-42*04,1,True,2.000244977951984,1.0,1.0,0.0,1.0,1.0,0,HG03492,IGHV,False,False,False
IGHV3-49*03,0,True,,1.0,0.0,1.0,1.0,1.0,0,HG03492,IGHV,True,True,True
IGHV(III)-67-4*03,2,True,4.000489955903968,2.0,2.0,2.0,1.0,1.0,0,HG03492,IGHV,False,False,False
IGHV1-69*20,0,False,,0.0,0.0,1.0,0.0,0.0,0,HG03492,IGHV,True,False,True
IGHV3-25*05,2,True,4.000489955903968,1.0,1.0,1.0,2.0,1.0,0,HG03492,IGHV,False,False,False
IGHV(II)-43-1*01,0,False,,0.0,0.0,1.0,0.0,0.0,0,HG03492,IGHV,False,False,False
IGHV3-75*03,0,False,,0.0,0.0,1.0,0.0,1.0,0,HG03492,IGHV,False,False,False
IGHV4-59*11,0,False,,0.0,0.0,0.0,0.0,1.0,0,HG03492,IGHV,True,False,True
IGHV(III)-67-2*01,4,True,8.000979911807937,2.0,2.0,2.0,2.0,2.0,0,HG03492,IGHV,False,False,False
IGHV1/OR15-5*02,4,True,8.000979911807937,3.0,2.0,2.0,2.0,2.0,0,HG03492,IGHV,False,False,False
IGHV4-39*08,0,False,,0.0,0.0,0.0,0.0,1.0,0,HG03492,IGHV,True,False,True
IGHV(II)-74-1*02,0,False,,0.0,0.0,0.0,1.0,1.0,0,HG03492,IGHV,False,False,False
IGHV3-25*02,2,True,4.000489955903968,1.0,1.0,1.0,0.0,1.0,0,HG03492,IGHV,False,False,False
IGHV3/OR16-10*02,2,True,4.000489955903968,1.0,1.0,1.0,0.0,2.0,0,HG03492,IGHV,False,False,False
IGHV(III)/OR16-25*01,4,True,8.000979911807937,4.0,4.0,4.0,4.0,4.0,0,HG03492,IGHV,False,False,False
IGHV5-51*02,1,False,2.000244977951984,0.0,1.0,0.0,0.0,0.0,0,HG03492,IGHV,True,False,True
IGHV2-70*11,1,False,2.000244977951984,0.0,1.0,0.0,0.0,0.0,0,HG03492,IGHV,True,False,True
IGHV(III)-25-1*06,0,True,,1.0,0.0,0.0,0.0,0.0,0,HG03492,IGHV,False,False,False
IGHV3-52*02,0,False,,0.0,0.0,1.0,1.0,0.0,0,HG03492,IGHV,False,False,False
IGHV3-74*02,0,False,,0.0,0.0,1.0,0.0,0.0,0,HG03492,IGHV,True,False,True
IGHV1-69*03,0,False,,0.0,0.0,0.0,0.0,1.0,0,HG03492,IGHV,True,False,True
IGHV3-29*02,0,False,,0.0,0.0,1.0,0.0,1.0,0,HG03492,IGHV,False,False,False
IGHV8-51-1*04,1,True,2.000244977951984,1.0,1.0,0.0,1.0,1.0,0,HG03492,IGHV,False,False,False
IGHV(II)-53-1*03,1,True,2.000244977951984,2.0,1.0,2.0,2.0,1.0,0,HG03492,IGHV,False,False,False
IGHV3-30-33*01,1,True,2.000244977951984,2.0,3.0,1.0,1.0,2.0,0,HG03492,IGHV,False,False,False
IGHV3-32*01,0,True,,1.0,0.0,1.0,1.0,0.0,0,HG03492,IGHV,False,False,False
IGHV3/OR16-6*03,0,True,,1.0,0.0,1.0,1.0,0.0,0,HG03492,IGHV,False,False,False
IGHV(III)-2-1*01,2,True,4.000489955903968,1.0,1.0,1.0,0.0,0.0,0,HG03492,IGHV,False,False,False
IGHV1/OR15-6*02,4,True,8.000979911807937,2.0,2.0,2.0,2.0,2.0,0,HG03492,IGHV,False,False,False
IGHV7-34-1*01,1,False,2.000244977951984,0.0,2.0,1.0,1.0,0.0,0,HG03492,IGHV,False,False,False
IGHV(II)-78-1*01,3,True,6.000734933855953,1.0,1.0,1.0,1.0,2.0,0,HG03492,IGHV,False,False,False
IGHV(II)-22-1*01,1,True,2.000244977951984,3.0,3.0,1.0,2.0,1.0,0,HG03492,IGHV,False,False,False
IGHV3-33*06,0,False,,0.0,0.0,0.0,1.0,0.0,0,HG03492,IGHV,True,False,True
IGHV1-46*01,1,True,2.000244977951984,2.0,2.0,0.0,1.0,2.0,0,HG03492,IGHV,True,True,True
IGHV(II)-30-21*02,1,False,2.000244977951984,0.0,1.0,0.0,1.0,0.0,0,HG03492,IGHV,False,False,False
IGHV(II)-26-2*01,4,True,8.000979911807937,2.0,2.0,2.0,2.0,2.0,0,HG03492,IGHV,False,False,False
IGHV3-38*02,2,False,4.000489955903968,0.0,1.0,1.0,0.0,0.0,0,HG03492,IGHV,False,False,False
IGHV3-49*04,1,True,2.000244977951984,1.0,2.0,1.0,1.0,0.0,0,HG03492,IGHV,True,True,True
IGHV3-7*01,1,True,2.000244977951984,1.0,1.0,0.0,0.0,0.0,0,HG03492,IGHV,True,True,True
IGHV1/OR16-26*01,1,True,2.000244977951984,3.0,1.0,3.0,3.0,3.0,0,HG03492,IGHV,False,False,False
IGHV3/OR16-19*01,2,True,4.000489955903968,1.0,1.0,1.0,2.0,2.0,0,HG03492,IGHV,False,False,False
IGHV3-36*02,2,True,4.000489955903968,2.0,2.0,2.0,1.0,2.0,0,HG03492,IGHV,False,False,False
IGHV(II)-43-1D*01,4,True,8.000979911807937,1.0,1.0,1.0,1.0,1.0,0,HG03492,IGHV,False,False,False
IGHV3-38*01,0,False,,0.0,0.0,1.0,0.0,0.0,0,HG03492,IGHV,False,False,False
IGHV(II)-12-1*03,1,True,2.000244977951984,1.0,2.0,1.0,1.0,1.0,0,HG03492,IGHV,False,False,False
IGHV3-7*02,0,False,,0.0,0.0,1.0,0.0,1.0,0,HG03492,IGHV,True,False,True
IGHV(II)-15-1*02,1,True,2.000244977951984,1.0,1.0,2.0,1.0,1.0,0,HG03492,IGHV,False,False,False
IGHV3/OR15-7*05,0,False,,0.0,0.0,0.0,0.0,1.0,0,HG03492,IGHV,False,False,False
IGHV3-19*01,4,True,8.000979911807937,2.0,2.0,2.0,2.0,2.0,0,HG03492,IGHV,False,False,False
IGHV(III)-38-1*02,3,True,6.000734933855953,1.0,1.0,1.0,1.0,0.0,0,HG03492,IGHV,False,False,False
IGHV1/OR16-22*01,2,True,4.000489955903968,1.0,2.0,2.0,1.0,1.0,0,HG03492,IGHV,False,False,False
IGHV3-38*03,0,True,,1.0,0.0,0.0,1.0,1.0,0,HG03492,IGHV,False,False,False
IGHV1/OR15-2*02,2,True,4.000489955903968,1.0,1.0,1.0,0.0,1.0,0,HG03492,IGHV,False,False,False
IGHV(II)-40-1*01,4,True,8.000979911807937,1.0,1.0,1.0,1.0,1.0,0,HG03492,IGHV,False,False,False
IGHV4-59*03,1,False,2.000244977951984,0.0,1.0,0.0,0.0,1.0,0,HG03492,IGHV,True,False,True
IGHV3/OR15-7*02,0,False,,0.0,0.0,0.0,0.0,1.0,0,HG03492,IGHV,False,False,False
IGHV7-81*01,1,True,2.000244977951984,3.0,3.0,2.0,2.0,2.0,0,HG03492,IGHV,False,False,False
IGHV1-8*01,0,True,,1.0,0.0,1.0,1.0,1.0,0,HG03492,IGHV,True,True,True
IGHV(II)-46-1*01,1,True,2.000244977951984,1.0,2.0,1.0,1.0,1.0,0,HG03492,IGHV,False,False,False
IGHV(III)-16-1*03,0,False,,0.0,0.0,1.0,0.0,1.0,0,HG03492,IGHV,False,False,False
IGHV(IV)-44-1*02,0,False,,0.0,0.0,1.0,0.0,1.0,0,HG03492,IGHV,False,False,False
IGHV3-22*01,0,False,,0.0,0.0,1.0,0.0,0.0,0,HG03492,IGHV,False,False,False
IGHV4-34*07,1,False,2.000244977951984,0.0,1.0,0.0,0.0,0.0,0,HG03492,IGHV,True,False,True
IGHV(II)-30-21*03,0,False,,0.0,0.0,1.0,0.0,0.0,0,HG03492,IGHV,False,False,False
IGHV4-80*03,1,True,2.000244977951984,1.0,2.0,1.0,1.0,2.0,0,HG03492,IGHV,False,False,False
IGHV2-70*23,1,False,2.000244977951984,0.0,1.0,0.0,0.0,0.0,0,HG03492,IGHV,True,False,True
IGHV1-68*04,3,True,6.000734933855953,2.0,2.0,2.0,2.0,0.0,0,HG03492,IGHV,False,False,False
IGHV2-70*01,0,False,,0.0,0.0,0.0,1.0,0.0,0,HG03492,IGHV,True,False,True
IGHV(II)-12-1*01,0,True,,1.0,0.0,1.0,1.0,1.0,0,HG03492,IGHV,False,False,False
IGHV(II)-22-1*02,0,False,,0.0,0.0,1.0,0.0,0.0,0,HG03492,IGHV,False,False,False
IGHV1/OR16-4*01,1,True,2.000244977951984,2.0,2.0,1.0,2.0,1.0,0,HG03492,IGHV,False,False,False
IGHV4-28*05,0,True,,1.0,0.0,1.0,0.0,1.0,0,HG03492,IGHV,True,True,True
IGHV(III)-5-2*01,4,True,8.000979911807937,1.0,1.0,1.0,1.0,1.0,0,HG03492,IGHV,False,False,False
IGHV3-30*08,1,False,2.000244977951984,0.0,1.0,0.0,0.0,0.0,0,HG03492,IGHV,True,False,True
IGHV3-35*01,4,True,8.000979911807937,2.0,2.0,2.0,2.0,2.0,0,HG03492,IGHV,False,False,False
IGHV7-40*03,4,True,8.000979911807937,2.0,2.0,2.0,2.0,2.0,0,HG03492,IGHV,False,False,False
IGHV3/OR16-6*01,2,True,4.000489955903968,1.0,1.0,1.0,0.0,1.0,0,HG03492,IGHV,False,False,False
IGHV(II)-15-1*01,1,True,2.000244977951984,2.0,2.0,1.0,1.0,2.0,0,HG03492,IGHV,False,False,False
IGHV3-30*04,1,True,2.000244977951984,1.0,2.0,1.0,0.0,1.0,0,HG03492,IGHV,True,True,True
IGHV1-3*01,1,True,2.000244977951984,1.0,1.0,0.0,1.0,1.0,0,HG03492,IGHV,True,True,True
IGHV(III)-76-1*01,4,True,8.000979911807937,2.0,2.0,2.0,2.0,2.0,0,HG03492,IGHV,False,False,False
IGHV7-27*01,4,True,8.000979911807937,2.0,2.0,2.0,2.0,2.0,0,HG03492,IGHV,False,False,False
IGHV2-70*13,0,False,,0.0,0.0,0.0,0.0,1.0,0,HG03492,IGHV,True,False,True
IGHV1-8*02,1,False,2.000244977951984,0.0,1.0,0.0,0.0,0.0,0,HG03492,IGHV,True,False,True
IGHV3/OR16-9*01,3,True,6.000734933855953,2.0,2.0,2.0,2.0,3.0,0,HG03492,IGHV,False,False,False
IGHV4-55*01,1,False,2.000244977951984,0.0,1.0,0.0,0.0,0.0,0,HG03492,IGHV,False,False,False
IGHV3/OR16-16*02,0,True,,1.0,0.0,0.0,1.0,1.0,0,HG03492,IGHV,False,False,False
IGHV7-56*02,1,True,2.000244977951984,2.0,2.0,1.0,1.0,2.0,0,HG03492,IGHV,False,False,False
IGHV1/OR15-1*01,1,True,2.000244977951984,4.0,3.0,2.0,2.0,2.0,0,HG03492,IGHV,False,False,False
IGHV1-18*01,4,True,8.000979911807937,1.0,1.0,1.0,1.0,1.0,0,HG03492,IGHV,True,True,True
IGHV(II)-30-32*02,0,True,,1.0,0.0,0.0,0.0,1.0,0,HG03492,IGHV,False,False,False
IGHV1-68*01,0,False,,0.0,0.0,0.0,0.0,2.0,0,HG03492,IGHV,False,False,False
IGHV(II)-4-4*01,4,True,8.000979911807937,3.0,2.0,2.0,2.0,2.0,0,HG03492,IGHV,False,False,False
IGHV4-34*03,0,True,,1.0,0.0,1.0,1.0,0.0,0,HG03492,IGHV,True,True,True
IGHV3/OR16-16*01,2,True,4.000489955903968,1.0,2.0,2.0,1.0,1.0,0,HG03492,IGHV,False,False,False
IGHV4-59*01,0,True,,2.0,0.0,1.0,2.0,1.0,0,HG03492,IGHV,True,True,True
IGHV3-52*01,2,True,4.000489955903968,2.0,1.0,1.0,2.0,2.0,0,HG03492,IGHV,False,False,False
IGHV3-9*03,0,False,,0.0,0.0,0.0,1.0,0.0,0,HG03492,IGHV,True,False,True
IGHV2-5*11,0,False,,0.0,0.0,1.0,0.0,0.0,0,HG03492,IGHV,True,False,True
IGHV3-33*01,0,True,,1.0,0.0,1.0,0.0,0.0,0,HG03492,IGHV,True,True,True
IGHV4-39*05,0,False,,0.0,0.0,1.0,0.0,0.0,0,HG03492,IGHV,True,False,True
IGHV3-30-2*01,0,True,,1.0,0.0,1.0,0.0,0.0,0,HG03492,IGHV,False,False,False
IGHV3-30*07,0,True,,1.0,0.0,0.0,0.0,1.0,0,HG03492,IGHV,True,True,True
IGHV3/OR16-20*01,4,False,8.000979911807937,0.0,1.0,1.0,1.0,1.0,0,HG03492,IGHV,False,False,False
IGHV(III)-26-1*01,4,True,8.000979911807937,1.0,1.0,1.0,1.0,1.0,0,HG03492,IGHV,False,False,False
IGHV3-22*02,1,True,2.000244977951984,1.0,1.0,0.0,0.0,1.0,0,HG03492,IGHV,False,False,False
IGHV7-34-1*02,0,True,,2.0,0.0,1.0,1.0,2.0,0,HG03492,IGHV,False,False,False
IGHV(IV)-44-1*01,3,True,6.000734933855953,2.0,2.0,2.0,2.0,1.0,0,HG03492,IGHV,False,False,False
IGHV(II)-65-1*01,1,False,2.000244977951984,0.0,1.0,0.0,0.0,1.0,0,HG03492,IGHV,False,False,False
IGHV2/OR16-23*01,3,True,6.000734933855953,2.0,2.0,2.0,2.0,3.0,0,HG03492,IGHV,False,False,False
IGHV1/OR15-4*01,4,True,8.000979911807937,4.0,4.0,4.0,4.0,4.0,0,HG03492,IGHV,False,False,False
IGHV1-18*03,0,False,,0.0,0.0,0.0,1.0,0.0,0,HG03492,IGHV,True,False,True
IGHV(III)-13-1*02,2,True,4.000489955903968,4.0,4.0,4.0,3.0,4.0,0,HG03492,IGHV,False,False,False
IGHV3/OR16-12*01,4,True,8.000979911807937,2.0,2.0,2.0,2.0,2.0,0,HG03492,IGHV,False,False,False
IGHV3-72*01,1,True,2.000244977951984,2.0,2.0,1.0,2.0,2.0,0,HG03492,IGHV,True,True,True
IGHV1/OR16-24*01,1,True,2.000244977951984,2.0,4.0,2.0,2.0,2.0,0,HG03492,IGHV,False,False,False
IGHV8-51-1*01,0,False,,0.0,0.0,1.0,0.0,0.0,0,HG03492,IGHV,False,False,False
IGHV4-30-4*09,0,True,,1.0,0.0,0.0,0.0,0.0,0,HG03492,IGHV,True,True,True
IGHV3-42*01,0,False,,0.0,0.0,1.0,0.0,0.0,0,HG03492,IGHV,False,False,False
IGHV2-10*02,0,False,,0.0,0.0,1.0,0.0,0.0,0,HG03492,IGHV,False,False,False
IGHV3-29*01,1,True,2.000244977951984,2.0,2.0,1.0,1.0,2.0,0,HG03492,IGHV,False,False,False
IGHV4/OR15-8*03,2,True,4.000489955903968,2.0,3.0,3.0,2.0,3.0,0,HG03492,IGHV,False,False,False
IGHV3/OR16-6*02,0,False,,0.0,0.0,0.0,0.0,1.0,0,HG03492,IGHV,False,False,False
IGHV3/OR16-14*01,4,True,8.000979911807937,1.0,1.0,1.0,1.0,1.0,0,HG03492,IGHV,False,False,False
IGHV4-34*01,0,True,,1.0,0.0,1.0,0.0,0.0,0,HG03492,IGHV,True,True,True
IGHV(II)-30-1*01,3,True,6.000734933855953,1.0,2.0,2.0,2.0,1.0,0,HG03492,IGHV,False,False,False
IGHV4-59*12,1,False,2.000244977951984,0.0,1.0,0.0,0.0,0.0,0,HG03492,IGHV,True,False,True
IGHV1-67*01,1,True,2.000244977951984,2.0,2.0,1.0,2.0,2.0,0,HG03492,IGHV,False,False,False
IGHV3-48*01,0,False,,0.0,0.0,0.0,0.0,2.0,0,HG03492,IGHV,True,False,True
IGHV3/OR16-13*01,2,True,4.000489955903968,2.0,2.0,2.0,1.0,1.0,0,HG03492,IGHV,False,False,False
IGHV3-65*01,1,True,2.000244977951984,2.0,2.0,1.0,1.0,2.0,0,HG03492,IGHV,False,False,False
IGHV1/OR16-4*02,4,True,8.000979911807937,1.0,1.0,1.0,1.0,1.0,0,HG03492,IGHV,False,False,False
IGHV3-63*03,3,True,6.000734933855953,2.0,2.0,2.0,2.0,0.0,0,HG03492,IGHV,False,False,False
IGHV3-53*04,1,True,2.000244977951984,2.0,1.0,2.0,2.0,1.0,0,HG03492,IGHV,True,True,True
IGHV3-30-5*01,1,True,2.000244977951984,2.0,2.0,0.0,2.0,1.0,0,HG03492,IGHV,True,True,True
IGHV1-69*09,1,True,2.000244977951984,1.0,2.0,1.0,0.0,0.0,0,HG03492,IGHV,True,True,True
IGHV1/OR15-1*02,0,False,,0.0,0.0,1.0,1.0,0.0,0,HG03492,IGHV,False,False,False
IGHV4-55*08,0,False,,0.0,0.0,0.0,0.0,1.0,0,HG03492,IGHV,False,False,False
IGHV3-66*01,1,True,2.000244977951984,2.0,2.0,1.0,2.0,1.0,0,HG03492,IGHV,True,True,True
IGHV3/OR16-7*01,1,True,2.000244977951984,1.0,2.0,1.0,1.0,1.0,0,HG03492,IGHV,False,False,False
IGHV(II)-30-21*01,0,True,,1.0,0.0,1.0,1.0,1.0,0,HG03492,IGHV,False,False,False
IGHV3-15*05,0,False,,0.0,0.0,1.0,0.0,0.0,0,HG03492,IGHV,True,False,True
IGHV3-62*07,0,False,,0.0,0.0,1.0,0.0,0.0,0,HG03492,IGHV,False,False,False
IGHV3-64*01,2,True,4.000489955903968,2.0,2.0,2.0,1.0,1.0,0,HG03492,IGHV,True,True,True
IGHV5-51*07,0,False,,0.0,0.0,0.0,0.0,1.0,0,HG03492,IGHV,True,False,True
IGHV2-5*05,0,False,,0.0,0.0,0.0,1.0,0.0,0,HG03492,IGHV,True,False,True
IGHV1-45*02,3,True,6.000734933855953,1.0,1.0,1.0,1.0,2.0,0,HG03492,IGHV,True,True,True
IGHV1-69*04,0,True,,1.0,0.0,0.0,2.0,0.0,0,HG03492,IGHV,True,True,True
IGHV(II)-43-1D*02,2,False,4.000489955903968,0.0,1.0,1.0,0.0,1.0,0,HG03492,IGHV,False,False,False
IGHV3-19*02,0,False,,0.0,0.0,0.0,1.0,0.0,0,HG03492,IGHV,False,False,False
IGHV3-15*08,1,False,2.000244977951984,0.0,1.0,0.0,1.0,1.0,0,HG03492,IGHV,True,False,True
IGHV3-79*03,3,True,6.000734933855953,1.0,1.0,1.0,1.0,2.0,0,HG03492,IGHV,False,False,False
IGHV(III)-25-1*04,1,True,2.000244977951984,1.0,1.0,0.0,0.0,1.0,0,HG03492,IGHV,False,False,False
IGHV3-30*03,2,False,4.000489955903968,0.0,1.0,1.0,0.0,0.0,0,HG03492,IGHV,True,False,True
IGHV4-30-4*06,0,False,,0.0,0.0,0.0,1.0,1.0,0,HG03492,IGHV,True,False,True
IGHV3-64*07,0,False,,0.0,0.0,0.0,1.0,1.0,0,HG03492,IGHV,True,False,True
IGHV(III)-25-1*05,0,False,,0.0,0.0,0.0,1.0,0.0,0,HG03492,IGHV,False,False,False
IGHV7-4-1*02,0,True,,1.0,0.0,0.0,0.0,0.0,0,HG03492,IGHV,True,True,True
IGHV(II)-30-1*02,4,True,8.000979911807937,1.0,1.0,1.0,1.0,1.0,0,HG03492,IGHV,False,False,False
IGHV1-2*04,0,False,,0.0,0.0,0.0,0.0,1.0,0,HG03492,IGHV,True,False,True
IGHV4-39*04,1,True,2.000244977951984,1.0,1.0,2.0,0.0,1.0,0,HG03492,IGHV,True,True,True
IGHV3-21*01,1,True,2.000244977951984,1.0,1.0,0.0,2.0,0.0,0,HG03492,IGHV,True,True,True
IGHV4-30-4*01,0,True,,1.0,0.0,0.0,0.0,0.0,0,HG03492,IGHV,True,True,True
IGHV1/OR15-1*04,1,True,2.000244977951984,1.0,1.0,0.0,1.0,2.0,0,HG03492,IGHV,False,False,False
IGHV4-28*03,0,False,,0.0,0.0,0.0,1.0,1.0,0,HG03492,IGHV,True,False,True
IGHV(III)-67-3*02,4,True,8.000979911807937,2.0,2.0,2.0,2.0,2.0,0,HG03492,IGHV,False,False,False
IGHV3-36*03,0,False,,0.0,0.0,0.0,1.0,0.0,0,HG03492,IGHV,False,False,False
IGHV3-20*01,0,True,,1.0,0.0,1.0,1.0,1.0,0,HG03492,IGHV,True,True,True
IGHV4-4*02,2,True,4.000489955903968,1.0,1.0,1.0,2.0,0.0,0,HG03492,IGHV,True,True,True
IGHV1/OR15-3*02,1,True,2.000244977951984,2.0,3.0,2.0,3.0,3.0,0,HG03492,IGHV,False,False,False
IGHV3-41*01,4,True,8.000979911807937,1.0,1.0,1.0,1.0,1.0,0,HG03492,IGHV,False,False,False
IGHV4-31*04,0,False,,0.0,0.0,1.0,0.0,0.0,0,HG03492,IGHV,True,False,True
IGHV3-76*01,1,True,2.000244977951984,2.0,1.0,2.0,1.0,1.0,0,HG03492,IGHV,False,False,False
IGHV4-30-2*01,0,True,,1.0,0.0,1.0,1.0,0.0,0,HG03492,IGHV,True,True,True
IGHV3-65*03,0,False,,0.0,0.0,1.0,1.0,0.0,0,HG03492,IGHV,False,False,False
IGHV3-60*02,4,True,8.000979911807937,2.0,2.0,2.0,2.0,2.0,0,HG03492,IGHV,False,False,False
IGHV5-78*01,4,True,8.000979911807937,2.0,2.0,2.0,2.0,2.0,0,HG03492,IGHV,False,False,False
IGHV1-45*03,4,True,8.000979911807937,1.0,1.0,1.0,1.0,1.0,0,HG03492,IGHV,True,True,True
IGHV4-55*02,0,True,,2.0,0.0,2.0,0.0,1.0,0,HG03492,IGHV,False,False,False
IGHV3-41*02,4,True,8.000979911807937,1.0,1.0,1.0,1.0,1.0,0,HG03492,IGHV,False,False,False
IGHV6-1*02,0,False,,0.0,0.0,0.0,1.0,0.0,0,HG03492,IGHV,True,False,True
IGHV(III)-82*01,2,True,4.000489955903968,2.0,2.0,2.0,3.0,2.0,0,HG03492,IGHV,False,False,False
IGHV3/OR16-8*01,4,True,8.000979911807937,2.0,2.0,2.0,2.0,2.0,0,HG03492,IGHV,False,False,False
IGHV3-42*03,1,True,2.000244977951984,1.0,1.0,0.0,1.0,1.0,0,HG03492,IGHV,False,False,False
IGHV3-30-5*04,0,False,,0.0,0.0,1.0,0.0,0.0,0,HG03492,IGHV,False,False,False
IGHV4-59*07,2,False,4.000489955903968,0.0,1.0,1.0,0.0,0.0,0,HG03492,IGHV,True,False,True
IGHV3-72*02,0,False,,0.0,0.0,1.0,0.0,0.0,0,HG03492,IGHV,True,False,True
IGHV2-10*01,4,True,8.000979911807937,1.0,1.0,1.0,1.0,1.0,0,HG03492,IGHV,False,False,False
IGHV3-13*05,1,False,2.000244977951984,0.0,1.0,0.0,1.0,0.0,0,HG03492,IGHV,True,False,True
IGHV7-81*02,0,False,,0.0,0.0,0.0,1.0,0.0,0,HG03492,IGHV,False,False,False
IGHV4-59*04,0,False,,0.0,0.0,0.0,2.0,0.0,0,HG03492,IGHV,True,False,True
IGHV3-74*03,0,False,,0.0,0.0,0.0,0.0,1.0,0,HG03492,IGHV,True,False,True
IGHV(III)-13-1*01,1,True,2.000244977951984,3.0,4.0,3.0,4.0,3.0,0,HG03492,IGHV,False,False,False
IGHV4-4*03,0,False,,0.0,0.0,0.0,0.0,1.0,0,HG03492,IGHV,True,False,True
IGHV3-79*02,3,True,6.000734933855953,1.0,1.0,1.0,1.0,0.0,0,HG03492,IGHV,False,False,False
IGHV1/OR16-2*01,1,True,2.000244977951984,4.0,4.0,3.0,4.0,4.0,0,HG03492,IGHV,False,False,False
IGHV(II)-31-1*02,1,False,2.000244977951984,0.0,1.0,0.0,0.0,0.0,0,HG03492,IGHV,False,False,False
IGHV1/OR21-1*01,2,True,4.000489955903968,1.0,2.0,2.0,1.0,0.0,0,HG03492,IGHV,False,False,False
IGHV(III)-5-1*01,3,True,6.000734933855953,1.0,1.0,1.0,1.0,0.0,0,HG03492,IGHV,False,False,False
IGHV1/OR15-9*01,4,True,8.000979911807937,2.0,2.0,2.0,2.0,2.0,0,HG03492,IGHV,False,False,False
IGHV3-30-22*01,3,True,6.000734933855953,1.0,1.0,1.0,1.0,0.0,0,HG03492,IGHV,False,False,False
IGHV1/OR15-3*01,2,True,4.000489955903968,2.0,2.0,2.0,1.0,1.0,0,HG03492,IGHV,False,False,False
IGHV3-57*02,1,True,2.000244977951984,2.0,2.0,1.0,1.0,0.0,0,HG03492,IGHV,False,False,False
IGHV3/OR16-7*03,3,True,6.000734933855953,1.0,1.0,1.0,1.0,0.0,0,HG03492,IGHV,False,False,False
IGHV3-71*03,4,True,8.000979911807937,2.0,2.0,2.0,2.0,2.0,0,HG03492,IGHV,False,False,False
IGHV3-43*02,1,True,2.000244977951984,1.0,1.0,2.0,1.0,0.0,0,HG03492,IGHV,True,True,True
IGHV(III)-47-1*01,4,True,8.000979911807937,2.0,2.0,2.0,2.0,2.0,0,HG03492,IGHV,False,False,False
IGHV2/OR16-5*01,3,True,6.000734933855953,2.0,2.0,2.0,2.0,1.0,0,HG03492,IGHV,False,False,False
IGHV4-55*07,0,False,,0.0,0.0,0.0,2.0,0.0,0,HG03492,IGHV,False,False,False
IGHV(II)-1-1*01,1,True,2.000244977951984,4.0,4.0,3.0,4.0,3.0,0,HG03492,IGHV,False,False,False
IGHV3/OR16-11*01,2,True,4.000489955903968,3.0,2.0,2.0,3.0,3.0,0,HG03492,IGHV,False,False,False
IGHV(III)/OR16-28*01,3,True,6.000734933855953,2.0,2.0,2.0,2.0,3.0,0,HG03492,IGHV,False,False,False
IGHV1-17*02,4,True,8.000979911807937,1.0,1.0,1.0,1.0,1.0,0,HG03492,IGHV,False,False,False
IGHV3-63*02,0,False,,0.0,0.0,0.0,0.0,1.0,0,HG03492,IGHV,False,False,False
IGHV(II)-62-1*03,1,True,2.000244977951984,2.0,1.0,2.0,2.0,1.0,0,HG03492,IGHV,False,False,False
IGHV2-26*01,1,True,2.000244977951984,1.0,1.0,0.0,0.0,1.0,0,HG03492,IGHV,True,True,True
IGHV2-70*21,0,False,,0.0,0.0,0.0,1.0,0.0,0,HG03492,IGHV,True,False,True
IGHV3-73*02,4,False,8.000979911807937,0.0,1.0,1.0,1.0,1.0,0,HG03492,IGHV,True,False,True
IGHV2-26*05,0,False,,0.0,0.0,1.0,0.0,0.0,0,HG03492,IGHV,True,False,True
IGHV3-30-3*02,0,False,,0.0,0.0,1.0,0.0,0.0,0,HG03492,IGHV,True,False,True
IGHV1-67*03,0,False,,0.0,0.0,1.0,0.0,0.0,0,HG03492,IGHV,False,False,False
IGHV1/OR15-1*03,0,False,,0.0,0.0,2.0,0.0,1.0,0,HG03492,IGHV,False,False,False
IGHV(II)-46-1*02,0,True,,1.0,0.0,1.0,1.0,2.0,0,HG03492,IGHV,False,False,False
IGHV(II)-31-1*01,4,True,8.000979911807937,1.0,1.0,1.0,1.0,1.0,0,HG03492,IGHV,False,False,False
IGHV(III)-16-1*01,3,True,6.000734933855953,1.0,1.0,1.0,1.0,0.0,0,HG03492,IGHV,False,False,False
IGHV3/OR16-15*02,4,True,8.000979911807937,1.0,1.0,1.0,1.0,1.0,0,HG03492,IGHV,False,False,False
IGHV1-3*05,0,False,,0.0,0.0,1.0,0.0,0.0,0,HG03492,IGHV,True,False,True
IGHV3-33*05,0,False,,0.0,0.0,0.0,0.0,1.0,0,HG03492,IGHV,True,False,True
IGHV3-30-52*01,0,False,,0.0,0.0,1.0,1.0,1.0,0,HG03492,IGHV,False,False,False
IGHV3-48*04,2,True,4.000489955903968,1.0,1.0,1.0,0.0,1.0,0,HG03492,IGHV,True,True,True
IGHV(III)-2-1*03,1,True,2.000244977951984,1.0,1.0,0.0,2.0,1.0,0,HG03492,IGHV,False,False,False
IGHV1/OR15-5*01,2,True,4.000489955903968,1.0,1.0,1.0,2.0,2.0,0,HG03492,IGHV,False,False,False
IGHV8-51-1*02,1,False,2.000244977951984,0.0,1.0,0.0,0.0,0.0,0,HG03492,IGHV,False,False,False
IGHV3-21*02,0,False,,0.0,0.0,0.0,0.0,1.0,0,HG03492,IGHV,True,False,True
IGHV4-80*02,2,True,4.000489955903968,2.0,1.0,1.0,2.0,1.0,0,HG03492,IGHV,False,False,False
IGHV(III)-2-1*02,1,True,2.000244977951984,2.0,2.0,3.0,2.0,3.0,0,HG03492,IGHV,False,False,False
IGHV8-51-1*05,0,True,,1.0,0.0,1.0,1.0,1.0,0,HG03492,IGHV,False,False,False
IGHV3-57*04,0,False,,0.0,0.0,0.0,0.0,1.0,0,HG03492,IGHV,False,False,False
IGHV(III)-25-1*02,0,False,,0.0,0.0,1.0,0.0,1.0,0,HG03492,IGHV,False,False,False
IGHV4-28*01,1,True,2.000244977951984,1.0,1.0,0.0,1.0,0.0,0,HG03492,IGHV,True,True,True
IGHV3-50*01,4,True,8.000979911807937,2.0,2.0,2.0,2.0,2.0,0,HG03492,IGHV,False,False,False
IGHV7-4-1*05,4,False,8.000979911807937,0.0,1.0,1.0,1.0,1.0,0,HG03492,IGHV,True,False,True
IGHV3-30-3*01,0,True,,1.0,0.0,0.0,1.0,0.0,0,HG03492,IGHV,True,True,True
IGHV1-46*02,0,False,,0.0,0.0,1.0,0.0,0.0,0,HG03492,IGHV,True,False,True
IGHV4-61*12,2,True,4.000489955903968,2.0,2.0,2.0,1.0,2.0,0,HG03492,IGHV,True,True,True
IGHV3-6*01,4,True,8.000979911807937,1.0,1.0,1.0,1.0,1.0,0,HG03492,IGHV,False,False,False
IGHV(II)-74-1*01,2,True,4.000489955903968,2.0,2.0,2.0,1.0,1.0,0,HG03492,IGHV,False,False,False
IGHV3-54*07,0,False,,0.0,0.0,0.0,0.0,1.0,0,HG03492,IGHV,False,False,False
IGHV3-76*04,1,False,2.000244977951984,0.0,1.0,0.0,0.0,0.0,0,HG03492,IGHV,False,False,False
IGHV4-31*08,0,False,,0.0,0.0,0.0,1.0,0.0,0,HG03492,IGHV,True,False,True
IGHV1-46*04,0,False,,0.0,0.0,0.0,1.0,0.0,0,HG03492,IGHV,True,False,True
IGHV3-23*01,4,True,8.000979911807937,2.0,2.0,2.0,2.0,2.0,0,HG03492,IGHV,True,True,True
IGHV(II)-53-1*02,1,False,2.000244977951984,0.0,1.0,0.0,0.0,0.0,0,HG03492,IGHV,False,False,False
IGHV4/OR15-8*02,0,False,,0.0,0.0,0.0,0.0,1.0,0,HG03492,IGHV,False,False,False
IGHV(II)-28-1*02,0,False,,0.0,0.0,1.0,0.0,0.0,0,HG03492,IGHV,False,False,False
IGHV3/OR16-10*03,0,False,,0.0,0.0,2.0,1.0,0.0,0,HG03492,IGHV,False,False,False
IGHV(II)-65-1*03,1,True,2.000244977951984,2.0,1.0,2.0,2.0,1.0,0,HG03492,IGHV,False,False,False
IGHV(II)-60-1*04,4,True,8.000979911807937,2.0,2.0,2.0,2.0,2.0,0,HG03492,IGHV,False,False,False
IGHV3/OR16-15*01,1,True,2.000244977951984,2.0,2.0,1.0,2.0,1.0,0,HG03492,IGHV,False,False,False
IGHV3/OR16-15*03,0,False,,0.0,0.0,1.0,0.0,1.0,0,HG03492,IGHV,False,False,False
IGHV1-14*01,4,True,8.000979911807937,1.0,1.0,1.0,1.0,1.0,0,HG03492,IGHV,False,False,False
IGHV1-2*06,1,True,2.000244977951984,1.0,1.0,0.0,1.0,0.0,0,HG03492,IGHV,True,True,True
IGHV3-75*01,1,True,2.000244977951984,2.0,2.0,1.0,2.0,1.0,0,HG03492,IGHV,False,False,False
IGHV(III)-38-1*03,0,False,,0.0,0.0,0.0,0.0,1.0,0,HG03492,IGHV,False,False,False
IGHV3-62*02,1,True,2.000244977951984,2.0,2.0,1.0,1.0,2.0,0,HG03492,IGHV,False,False,False
IGHV3-54*02,3,True,6.000734933855953,2.0,2.0,2.0,2.0,1.0,0,HG03492,IGHV,False,False,False
IGHV5-51*01,1,True,2.000244977951984,2.0,2.0,1.0,2.0,2.0,0,HG03492,IGHV,True,True,True
IGHV4-30-4*03,1,False,2.000244977951984,0.0,1.0,0.0,0.0,0.0,0,HG03492,IGHV,True,False,True
IGHV4/OR15-8*01,2,True,4.000489955903968,2.0,1.0,1.0,3.0,1.0,0,HG03492,IGHV,False,False,False
IGHV4-34*08,1,False,2.000244977951984,0.0,1.0,0.0,0.0,2.0,0,HG03492,IGHV,True,False,True
IGHV(II)-20-1*01,4,True,8.000979911807937,1.0,1.0,1.0,1.0,1.0,0,HG03492,IGHV,False,False,False
IGHV3-76*02,0,False,,0.0,0.0,0.0,1.0,0.0,0,HG03492,IGHV,False,False,False
IGHV1-12*02,4,True,8.000979911807937,1.0,1.0,1.0,1.0,1.0,0,HG03492,IGHV,False,False,False
IGHV3-71*02,0,False,,0.0,0.0,0.0,1.0,0.0,0,HG03492,IGHV,False,False,False
IGHV(III)-67-4*01,0,False,,0.0,0.0,0.0,0.0,1.0,0,HG03492,IGHV,False,False,False
IGHV4-31*01,2,False,4.000489955903968,0.0,1.0,1.0,0.0,1.0,0,HG03492,IGHV,True,False,True
IGHV3-48*03,4,True,8.000979911807937,1.0,1.0,1.0,1.0,1.0,0,HG03492,IGHV,True,True,True
IGHV1-46*03,0,False,,0.0,0.0,1.0,0.0,0.0,0,HG03492,IGHV,True,False,True
IGHV(II)-62-1*02,1,False,2.000244977951984,0.0,1.0,0.0,0.0,1.0,0,HG03492,IGHV,False,False,False
IGHV2-70*15,1,True,2.000244977951984,2.0,1.0,2.0,1.0,1.0,0,HG03492,IGHV,True,True,True
IGHV3-74*01,1,True,2.000244977951984,2.0,2.0,1.0,2.0,1.0,0,HG03492,IGHV,True,True,True
IGHV3-43*01,1,True,2.000244977951984,1.0,1.0,0.0,1.0,1.0,0,HG03492,IGHV,True,True,True
IGHV3-13*01,0,True,,1.0,0.0,1.0,0.0,1.0,0,HG03492,IGHV,True,True,True
IGHV3-53*06,1,False,2.000244977951984,0.0,1.0,0.0,0.0,0.0,0,HG03492,IGHV,True,False,True
IGHV3-7*03,0,False,,0.0,0.0,0.0,1.0,0.0,0,HG03492,IGHV,True,False,True
