sample_id,allele_id,db_functional,file_functional
HG00438,IGKV1D-16*02,True,False
HG00438,IGKV1D-8*03,True,False
HG00438,IGKV1-12*02,True,False
HG00438,IGKV5-2*02,True,False
HG00438,IGKV1D-8*04,True,False
HG00438,IGKV1-17*02,True,False
HG00438,IGKV4-1*02,True,False
HG00438,IGKV2D-26*02,True,False
HG00438,IGKV1-5*05,True,False
HG00438,IGKV1-6*02,True,False
HG00438,IGKV1-8*04,True,False
HG00438,IGKV1-9*01,True,False
HG00438,IGKV3-11*02,True,False
HG00438,IGKV3-15*02,True,False
HG00438,IGKV2-40*02,True,False
HG00438,IGKV1D-8*02,True,False
HG00438,IGKV1-8*03,True,False
HG00438,IGKV1-13*02,True,False
HG00621,IGKV1D-16*02,True,False
HG00621,IGKV1-27*01,True,False
HG00621,IGKV1-12*02,True,False
HG00621,IGKV1-8*02,True,False
HG00621,IGKV1D-8*04,True,False
HG00621,IGKV4-1*03,True,False
HG00621,IGKV2D-29*01,True,False
HG00621,IGKV1-6*02,True,False
HG00621,IGKV2-24*01,True,False
HG00621,IGKV2-29*03,True,False
HG00621,IGKV1-5*01,True,False
HG00621,IGKV3-11*02,True,False
HG00621,IGKV3-15*02,True,False
HG00621,IGKV1D-8*02,True,False
HG00621,IGKV3D-15*03,True,False
HG00621,IGKV1-16*01,True,False
HG00621,IGKV1-8*01,True,False
HG00621,IGKV1-13*02,True,False
HG00621,IGKV1-5*04,True,False
HG00673,IGKV1-8*02,True,False
HG00673,IGKV1-5*02,True,False
HG00673,IGKV3D-11*01,True,False
HG00673,IGKV1-27*02,True,False
HG00673,IGKV6-21*02,True,False
HG00673,IGKV1-6*02,True,False
HG00673,IGKV2-29*03,True,False
HG00673,IGKV1D-8*02,True,False
HG00673,IGKV3-20*02,True,False
HG00673,IGKV1-16*01,True,False
HG00673,IGKV1-8*01,True,False
HG00673,IGKV2-30*02,True,False
HG00673,IGKV1-5*04,True,False
HG00733,IGKV1D-16*02,True,False
HG00733,IGKV1D-13*01,True,False
HG00733,IGKV1D-8*03,True,False
HG00733,IGKV1-27*03,True,False
HG00733,IGKV1-17*02,True,False
HG00733,IGKV1-27*02,True,False
HG00733,IGKV4-1*02,True,False
HG00733,IGKV1-5*05,True,False
HG00733,IGKV1-9*01,True,False
HG00733,IGKV1-8*04,True,False
HG00733,IGKV1-5*03,True,False
HG00733,IGKV1D-8*02,True,False
HG00733,IGKV1-8*03,True,False
HG00733,IGKV1-16*01,True,False
HG00733,IGKV1-8*01,True,False
HG00733,IGKV1-12*01,True,False
HG00733,IGKV2D-29*02,True,False
HG00733,IGKV2-24*02,True,False
HG00733,IGKV2-30*02,True,False
HG00735,IGKV1D-16*02,True,False
HG00735,IGKV1D-8*03,True,False
HG00735,IGKV1-12*02,True,False
HG00735,IGKV2D-26*01,True,False
HG00735,IGKV5-2*02,True,False
HG00735,IGKV1-27*03,True,False
HG00735,IGKV1-17*02,True,False
HG00735,IGKV1-9*02,True,False
HG00735,IGKV1-27*02,True,False
HG00735,IGKV1-17*03,True,False
HG00735,IGKV6-21*02,True,False
HG00735,IGKV4-1*02,True,False
HG00735,IGKV2D-26*02,True,False
HG00735,IGKV3-11*02,True,False
HG00735,IGKV3-15*02,True,False
HG00735,IGKV3D-15*03,True,False
HG00735,IGKV1-16*01,True,False
HG00735,IGKV1-13*02,True,False
HG00735,IGKV2D-29*02,True,False
HG00735,IGKV2-24*02,True,False
HG00735,IGKV2-30*02,True,False
HG00735,IGKV3D-11*02,True,False
HG00735,IGKV1-5*04,True,False
HG00735,IGKV1-9*03,True,False
HG00741,IGKV2D-29*01,True,False
HG00741,IGKV1-6*02,True,False
HG00741,IGKV2-29*03,True,False
HG00741,IGKV1-8*04,True,False
HG00741,IGKV3-15*02,True,False
HG00741,IGKV1-5*03,True,False
HG00741,IGKV1D-8*02,True,False
HG00741,IGKV1-8*03,True,False
HG01071,IGKV1D-16*02,True,False
HG01071,IGKV1-12*02,True,False
HG01071,IGKV1-16*02,True,False
HG01071,IGKV1-27*03,True,False
HG01071,IGKV1-17*02,True,False
HG01071,IGKV1-27*02,True,False
HG01071,IGKV1-17*03,True,False
HG01071,IGKV1-6*02,True,False
HG01071,IGKV2-29*03,True,False
HG01071,IGKV2-40*02,True,False
HG01071,IGKV1-8*03,True,False
HG01071,IGKV3-20*02,True,False
HG01071,IGKV1-13*02,True,False
HG01071,IGKV2D-29*02,True,False
HG01071,IGKV3D-11*02,True,False
HG01071,IGKV1-5*04,True,False
HG01106,IGKV1D-16*02,True,False
HG01106,IGKV1D-8*03,True,False
HG01106,IGKV1-8*02,True,False
HG01106,IGKV2D-26*01,True,False
HG01106,IGKV1-5*02,True,False
HG01106,IGKV1D-8*04,True,False
HG01106,IGKV1-27*03,True,False
HG01106,IGKV1-17*02,True,False
HG01106,IGKV4-1*03,True,False
HG01106,IGKV1-9*02,True,False
HG01106,IGKV1-27*02,True,False
HG01106,IGKV1-17*03,True,False
HG01106,IGKV6-21*02,True,False
HG01106,IGKV2D-26*02,True,False
HG01106,IGKV1-5*05,True,False
HG01106,IGKV1-6*02,True,False
HG01106,IGKV2-29*03,True,False
HG01106,IGKV3-15*02,True,False
HG01106,IGKV2-40*02,True,False
HG01106,IGKV1-8*03,True,False
HG01106,IGKV1-16*01,True,False
HG01106,IGKV2-30*02,True,False
HG01106,IGKV1-5*04,True,False
HG01109,IGKV1D-16*02,True,False
HG01109,IGKV1-27*01,True,False
HG01109,IGKV1D-8*03,True,False
HG01109,IGKV1D-8*04,True,False
HG01109,IGKV1-17*02,True,False
HG01109,IGKV4-1*03,True,False
HG01109,IGKV1-9*02,True,False
HG01109,IGKV2D-26*02,True,False
HG01109,IGKV2-29*03,True,False
HG01109,IGKV3-15*02,True,False
HG01109,IGKV1-16*01,True,False
HG01109,IGKV1-13*02,True,False
HG01109,IGKV3D-11*02,True,False
HG01109,IGKV1-5*04,True,False
HG01175,IGKV1D-16*02,True,False
HG01175,IGKV1-12*02,True,False
HG01175,IGKV1-8*02,True,False
HG01175,IGKV2D-26*01,True,False
HG01175,IGKV1D-8*04,True,False
HG01175,IGKV1-27*03,True,False
HG01175,IGKV1-17*02,True,False
HG01175,IGKV1-17*03,True,False
HG01175,IGKV4-1*02,True,False
HG01175,IGKV2D-26*02,True,False
HG01175,IGKV1-16*01,True,False
HG01175,IGKV1-8*01,True,False
HG01175,IGKV1-13*02,True,False
HG01175,IGKV2D-29*02,True,False
HG01175,IGKV3D-11*02,True,False
HG01175,IGKV1-NL1*01,True,False
HG01243,IGKV1D-16*02,True,False
HG01243,IGKV1D-8*03,True,False
HG01243,IGKV1-12*02,True,False
HG01243,IGKV1-5*05,True,False
HG01243,IGKV1-6*02,True,False
HG01243,IGKV2-29*03,True,False
HG01243,IGKV3-15*02,True,False
HG01243,IGKV3-20*02,True,False
HG01243,IGKV1-16*01,True,False
HG01243,IGKV1-13*02,True,False
HG01243,IGKV3D-11*02,True,False
HG01243,IGKV1-5*04,True,False
HG01258,IGKV1-8*02,True,False
HG01258,IGKV1D-8*04,True,False
HG01258,IGKV1-17*02,True,False
HG01258,IGKV2-29*03,True,False
HG01258,IGKV1-9*01,True,False
HG01258,IGKV3-11*02,True,False
HG01258,IGKV1-5*03,True,False
HG01258,IGKV1D-8*02,True,False
HG01258,IGKV3D-11*03,True,False
HG01258,IGKV1-16*01,True,False
HG01258,IGKV2-24*02,True,False
HG01258,IGKV2-30*02,True,False
HG01358,IGKV1D-16*02,True,False
HG01358,IGKV1D-8*03,True,False
HG01358,IGKV1-12*02,True,False
HG01358,IGKV1D-8*04,True,False
HG01358,IGKV1-27*03,True,False
HG01358,IGKV1-17*02,True,False
HG01358,IGKV1-9*02,True,False
HG01358,IGKV2D-26*02,True,False
HG01358,IGKV1-6*02,True,False
HG01358,IGKV2-29*03,True,False
HG01358,IGKV3-11*02,True,False
HG01358,IGKV3-15*02,True,False
HG01358,IGKV1D-8*02,True,False
HG01358,IGKV1-13*02,True,False
HG01358,IGKV1-9*03,True,False
HG01361,IGKV1D-8*03,True,False
HG01361,IGKV1-27*03,True,False
HG01361,IGKV2-29*03,True,False
HG01361,IGKV3-15*02,True,False
HG01361,IGKV3D-11*02,True,False
HG01361,IGKV1-5*04,True,False
HG01891,IGKV1D-16*02,True,False
HG01891,IGKV5-2*02,True,False
HG01891,IGKV4-1*01,True,False
HG01891,IGKV1-9*02,True,False
HG01891,IGKV1-16*01,True,False
HG01891,IGKV1-8*01,True,False
HG01928,IGKV1D-16*02,True,False
HG01928,IGKV1D-8*03,True,False
HG01928,IGKV1-12*02,True,False
HG01928,IGKV1D-8*04,True,False
HG01928,IGKV1-17*02,True,False
HG01928,IGKV1-9*02,True,False
HG01928,IGKV1-27*02,True,False
HG01928,IGKV1-17*03,True,False
HG01928,IGKV4-1*02,True,False
HG01928,IGKV2D-26*02,True,False
HG01928,IGKV1-6*02,True,False
HG01928,IGKV1-8*04,True,False
HG01928,IGKV3-15*02,True,False
HG01928,IGKV3D-11*03,True,False
HG01928,IGKV1-13*02,True,False
HG01928,IGKV2-30*02,True,False
HG01928,IGKV3D-11*02,True,False
HG01928,IGKV1-5*04,True,False
HG01928,IGKV1-9*03,True,False
HG01952,IGKV1D-16*02,True,False
HG01952,IGKV1-27*01,True,False
HG01952,IGKV1D-8*03,True,False
HG01952,IGKV1-12*02,True,False
HG01952,IGKV1-17*01,True,False
HG01952,IGKV1D-8*04,True,False
HG01952,IGKV1-17*02,True,False
HG01952,IGKV1-9*02,True,False
HG01952,IGKV4-1*02,True,False
HG01952,IGKV1-5*05,True,False
HG01952,IGKV2D-29*01,True,False
HG01952,IGKV1-6*02,True,False
HG01952,IGKV2-24*01,True,False
HG01952,IGKV2-29*03,True,False
HG01952,IGKV1-8*04,True,False
HG01952,IGKV1-5*01,True,False
HG01952,IGKV3-15*02,True,False
HG01952,IGKV1-5*03,True,False
HG01952,IGKV1-13*02,True,False
HG01978,IGKV1D-16*02,True,False
HG01978,IGKV1D-8*03,True,False
HG01978,IGKV1-12*02,True,False
HG01978,IGKV1-8*02,True,False
HG01978,IGKV2D-26*01,True,False
HG01978,IGKV3-15*01,True,False
HG01978,IGKV1-9*02,True,False
HG01978,IGKV1-27*02,True,False
HG01978,IGKV1-17*03,True,False
HG01978,IGKV6-21*02,True,False
HG01978,IGKV2D-26*02,True,False
HG01978,IGKV2-29*03,True,False
HG01978,IGKV1-9*01,True,False
HG01978,IGKV3-11*02,True,False
HG01978,IGKV3-15*02,True,False
HG01978,IGKV1D-8*02,True,False
HG01978,IGKV3D-15*03,True,False
HG01978,IGKV1-16*01,True,False
HG01978,IGKV1-13*02,True,False
HG01978,IGKV2-24*02,True,False
HG01978,IGKV2-30*02,True,False
HG01978,IGKV3D-11*02,True,False
HG01978,IGKV1-NL1*01,True,False
HG02055,IGKV1D-8*03,True,False
HG02055,IGKV1-17*02,True,False
HG02055,IGKV4-1*03,True,False
HG02055,IGKV3D-11*01,True,False
HG02055,IGKV1-9*02,True,False
HG02055,IGKV6-21*02,True,False
HG02055,IGKV4-1*02,True,False
HG02055,IGKV2D-26*02,True,False
HG02055,IGKV1-5*05,True,False
HG02055,IGKV1-6*02,True,False
HG02055,IGKV3-11*02,True,False
HG02055,IGKV3-15*02,True,False
HG02055,IGKV2-40*02,True,False
HG02055,IGKV1-8*03,True,False
HG02055,IGKV1-16*01,True,False
HG02055,IGKV2D-29*02,True,False
HG02055,IGKV2-30*02,True,False
HG02080,IGKV1D-16*02,True,False
HG02080,IGKV1D-8*03,True,False
HG02080,IGKV1D-8*04,True,False
HG02080,IGKV1-27*03,True,False
HG02080,IGKV1-17*02,True,False
HG02080,IGKV1-9*02,True,False
HG02080,IGKV4-1*02,True,False
HG02080,IGKV2D-26*02,True,False
HG02080,IGKV2-29*03,True,False
HG02080,IGKV1-8*03,True,False
HG02080,IGKV3-20*02,True,False
HG02080,IGKV2D-29*02,True,False
HG02080,IGKV2-30*02,True,False
HG02145,IGKV1D-16*02,True,False
HG02145,IGKV1D-8*03,True,False
HG02145,IGKV1-12*02,True,False
HG02145,IGKV1-8*02,True,False
HG02145,IGKV1-5*02,True,False
HG02145,IGKV1D-8*04,True,False
HG02145,IGKV1-17*02,True,False
HG02145,IGKV2-29*03,True,False
HG02145,IGKV1-8*04,True,False
HG02145,IGKV2-40*02,True,False
HG02145,IGKV1-8*03,True,False
HG02145,IGKV1-16*01,True,False
HG02145,IGKV1-13*02,True,False
HG02145,IGKV2-30*02,True,False
HG02145,IGKV1-9*03,True,False
HG02148,IGKV1D-16*02,True,False
HG02148,IGKV1D-8*03,True,False
HG02148,IGKV1-8*02,True,False
HG02148,IGKV2-29*02,True,False
HG02148,IGKV1-5*02,True,False
HG02148,IGKV1D-8*04,True,False
HG02148,IGKV1-27*03,True,False
HG02148,IGKV1-17*02,True,False
HG02148,IGKV4-1*01,True,False
HG02148,IGKV1-27*02,True,False
HG02148,IGKV1-5*05,True,False
HG02148,IGKV2-29*03,True,False
HG02148,IGKV5-2*01,True,False
HG02148,IGKV3-15*02,True,False
HG02148,IGKV2-40*02,True,False
HG02148,IGKV1D-8*02,True,False
HG02148,IGKV3D-15*03,True,False
HG02148,IGKV1-16*01,True,False
HG02148,IGKV1-8*01,True,False
HG02148,IGKV1-13*02,True,False
HG02148,IGKV2D-29*02,True,False
HG02148,IGKV2-30*02,True,False
HG02148,IGKV3D-11*02,True,False
HG02148,IGKV1-5*04,True,False
HG02257,IGKV1D-16*02,True,False
HG02257,IGKV1D-8*03,True,False
HG02257,IGKV1-8*02,True,False
HG02257,IGKV4-1*03,True,False
HG02257,IGKV3D-11*01,True,False
HG02257,IGKV4-1*01,True,False
HG02257,IGKV1-9*02,True,False
HG02257,IGKV2D-29*01,True,False
HG02257,IGKV1-6*02,True,False
HG02257,IGKV3-11*02,True,False
HG02257,IGKV1-16*01,True,False
HG02257,IGKV1-8*01,True,False
HG02257,IGKV2-30*01,True,False
HG02257,IGKV1-5*04,True,False
HG02572,IGKV1D-16*02,True,False
HG02572,IGKV1D-8*03,True,False
HG02572,IGKV5-2*02,True,False
HG02572,IGKV1D-8*04,True,False
HG02572,IGKV1-17*02,True,False
HG02572,IGKV3D-11*01,True,False
HG02572,IGKV4-1*02,True,False
HG02572,IGKV2D-26*02,True,False
HG02572,IGKV1-6*02,True,False
HG02572,IGKV1-5*01,True,False
HG02572,IGKV3-15*02,True,False
HG02572,IGKV1-8*03,True,False
HG02572,IGKV3-20*02,True,False
HG02572,IGKV2-30*01,True,False
HG02572,IGKV1-5*04,True,False
HG02622,IGKV1-8*02,True,False
HG02622,IGKV5-2*02,True,False
HG02622,IGKV2D-26*02,True,False
HG02622,IGKV1-6*02,True,False
HG02622,IGKV5-2*01,True,False
HG02622,IGKV1-8*03,True,False
HG02630,IGKV1D-8*03,True,False
HG02630,IGKV1-12*02,True,False
HG02630,IGKV1D-8*04,True,False
HG02630,IGKV1-27*02,True,False
HG02630,IGKV2-40*02,True,False
HG02630,IGKV1-8*03,True,False
HG02630,IGKV3D-15*03,True,False
HG02630,IGKV3-20*02,True,False
HG02630,IGKV1-8*01,True,False
HG02630,IGKV1-13*02,True,False
HG02630,IGKV2D-29*02,True,False
HG02630,IGKV2-30*02,True,False
HG02717,IGKV1D-16*02,True,False
HG02717,IGKV1D-8*03,True,False
HG02717,IGKV3D-15*01,True,False
HG02717,IGKV5-2*02,True,False
HG02717,IGKV1-17*02,True,False
HG02717,IGKV3D-11*01,True,False
HG02717,IGKV1-9*02,True,False
HG02717,IGKV1-27*02,True,False
HG02717,IGKV6-21*02,True,False
HG02717,IGKV4-1*02,True,False
HG02717,IGKV3-15*02,True,False
HG02717,IGKV2-24*02,True,False
HG02717,IGKV1-5*04,True,False
HG02723,IGKV1D-16*02,True,False
HG02723,IGKV2-29*02,True,False
HG02723,IGKV3-15*01,True,False
HG02723,IGKV4-1*03,True,False
HG02723,IGKV3D-11*01,True,False
HG02723,IGKV1-27*02,True,False
HG02723,IGKV1D-12*01,True,False
HG02723,IGKV4-1*02,True,False
HG02723,IGKV2D-26*02,True,False
HG02723,IGKV1-8*04,True,False
HG02723,IGKV3-11*02,True,False
HG02818,IGKV1D-16*02,True,False
HG02818,IGKV1-27*01,True,False
HG02818,IGKV1D-8*03,True,False
HG02818,IGKV1-17*01,True,False
HG02818,IGKV1-17*02,True,False
HG02818,IGKV1-5*05,True,False
HG02818,IGKV2D-29*01,True,False
HG02818,IGKV1-6*02,True,False
HG02818,IGKV3-11*02,True,False
HG02818,IGKV1-5*03,True,False
HG02818,IGKV1-8*03,True,False
HG02818,IGKV1-16*01,True,False
HG02818,IGKV1-8*01,True,False
HG02818,IGKV2-30*01,True,False
HG02886,IGKV1D-16*02,True,False
HG02886,IGKV1D-8*03,True,False
HG02886,IGKV1-12*02,True,False
HG02886,IGKV1-17*01,True,False
HG02886,IGKV1D-8*04,True,False
HG02886,IGKV1-27*03,True,False
HG02886,IGKV3D-11*01,True,False
HG02886,IGKV1-9*02,True,False
HG02886,IGKV4-1*02,True,False
HG02886,IGKV2D-26*02,True,False
HG02886,IGKV1-6*02,True,False
HG02886,IGKV1-8*04,True,False
HG02886,IGKV1-5*01,True,False
HG02886,IGKV3-11*02,True,False
HG02886,IGKV3-15*02,True,False
HG02886,IGKV1-5*03,True,False
HG02886,IGKV1-8*03,True,False
HG02886,IGKV1-16*01,True,False
HG02886,IGKV1-8*01,True,False
HG02886,IGKV1-13*02,True,False
HG03098,IGKV1D-16*02,True,False
HG03098,IGKV1D-8*03,True,False
HG03098,IGKV1D-8*04,True,False
HG03098,IGKV1-27*03,True,False
HG03098,IGKV1-27*02,True,False
HG03098,IGKV6-21*02,True,False
HG03098,IGKV1-16*01,True,False
HG03098,IGKV1-5*04,True,False
HG03453,IGKV1-12*02,True,False
HG03453,IGKV1-8*02,True,False
HG03453,IGKV1-27*03,True,False
HG03453,IGKV1-17*02,True,False
HG03453,IGKV1-27*02,True,False
HG03453,IGKV6-21*02,True,False
HG03453,IGKV1-6*01,True,False
HG03453,IGKV2-29*03,True,False
HG03453,IGKV1-8*03,True,False
HG03453,IGKV1-16*01,True,False
HG03453,IGKV2D-29*02,True,False
HG03453,IGKV2-24*02,True,False
HG03453,IGKV2-30*02,True,False
HG03453,IGKV1-5*04,True,False
HG03453,IGKV1-9*03,True,False
HG03486,IGKV1D-16*02,True,False
HG03486,IGKV1D-8*01,True,False
HG03486,IGKV3-15*01,True,False
HG03486,IGKV1D-8*04,True,False
HG03486,IGKV1-27*03,True,False
HG03486,IGKV4-1*03,True,False
HG03486,IGKV3D-11*01,True,False
HG03486,IGKV1-9*02,True,False
HG03486,IGKV1-27*02,True,False
HG03486,IGKV1D-12*01,True,False
HG03486,IGKV1-5*05,True,False
HG03486,IGKV2D-29*01,True,False
HG03486,IGKV1-8*04,True,False
HG03486,IGKV1-16*01,True,False
HG03486,IGKV2-30*01,True,False
HG03492,IGKV1D-16*02,True,False
HG03492,IGKV1D-8*03,True,False
HG03492,IGKV1D-8*04,True,False
HG03492,IGKV1-9*02,True,False
HG03492,IGKV4-1*02,True,False
HG03492,IGKV1-5*05,True,False
HG03492,IGKV2-29*03,True,False
HG03492,IGKV1-8*04,True,False
HG03492,IGKV3-15*02,True,False
HG03492,IGKV1-5*03,True,False
HG03492,IGKV2-40*02,True,False
HG03492,IGKV3-20*02,True,False
HG03492,IGKV1-16*01,True,False
HG03492,IGKV1-8*01,True,False
HG03492,IGKV1-13*02,True,False
HG03492,IGKV1-9*03,True,False
HG03516,IGKV1D-16*02,True,False
HG03516,IGKV1D-8*03,True,False
HG03516,IGKV2-29*02,True,False
HG03516,IGKV1D-8*04,True,False
HG03516,IGKV1-17*02,True,False
HG03516,IGKV4-1*01,True,False
HG03516,IGKV1-27*02,True,False
HG03516,IGKV1-5*05,True,False
HG03516,IGKV1-6*02,True,False
HG03516,IGKV1-5*01,True,False
HG03516,IGKV3-15*02,True,False
HG03516,IGKV2-30*02,True,False
HG03540,IGKV1D-16*02,True,False
HG03540,IGKV1D-8*03,True,False
HG03540,IGKV1-12*02,True,False
HG03540,IGKV1D-8*04,True,False
HG03540,IGKV3D-11*01,True,False
HG03540,IGKV6-21*02,True,False
HG03540,IGKV1-6*02,True,False
HG03540,IGKV3-15*02,True,False
HG03540,IGKV1-16*01,True,False
HG03540,IGKV1-13*02,True,False
HG03540,IGKV2-30*02,True,False
HG03540,IGKV1-9*03,True,False
HG03579,IGKV1D-16*02,True,False
HG03579,IGKV1D-13*01,True,False
HG03579,IGKV3D-15*01,True,False
HG03579,IGKV1-16*02,True,False
HG03579,IGKV2-29*02,True,False
HG03579,IGKV1D-8*01,True,False
HG03579,IGKV1-17*01,True,False
HG03579,IGKV3D-11*01,True,False
HG03579,IGKV6-21*02,True,False
HG03579,IGKV2D-29*01,True,False
HG03579,IGKV1-12*01,True,False
HG03579,IGKV6-21*01,True,False
NA18906,IGKV1D-16*02,True,False
NA18906,IGKV1-12*02,True,False
NA18906,IGKV1-17*02,True,False
NA18906,IGKV2-29*03,True,False
NA18906,IGKV3-15*02,True,False
NA18906,IGKV3-20*02,True,False
NA18906,IGKV1-16*01,True,False
NA18906,IGKV1-13*02,True,False
NA18906,IGKV2-24*02,True,False
NA18906,IGKV1-9*03,True,False
NA19240,IGKV1D-16*02,True,False
NA19240,IGKV1D-8*03,True,False
NA19240,IGKV1-8*02,True,False
NA19240,IGKV1D-8*04,True,False
NA19240,IGKV1-17*02,True,False
NA19240,IGKV1-9*02,True,False
NA19240,IGKV1-17*03,True,False
NA19240,IGKV6-21*02,True,False
NA19240,IGKV2D-29*01,True,False
NA19240,IGKV1-6*02,True,False
NA19240,IGKV1-8*03,True,False
NA19240,IGKV1-5*04,True,False
NA20129,IGKV1D-16*02,True,False
NA20129,IGKV1D-8*03,True,False
NA20129,IGKV1-17*01,True,False
NA20129,IGKV1-17*02,True,False
NA20129,IGKV3D-11*01,True,False
NA20129,IGKV1-9*02,True,False
NA20129,IGKV1-27*02,True,False
NA20129,IGKV1D-12*01,True,False
NA20129,IGKV1-5*05,True,False
NA20129,IGKV2D-29*01,True,False
NA20129,IGKV1-6*02,True,False
NA20129,IGKV1-9*01,True,False
NA20129,IGKV3-11*02,True,False
NA20129,IGKV5-2*01,True,False
NA20129,IGKV1-5*03,True,False
NA20129,IGKV1-8*03,True,False
NA20129,IGKV1-16*01,True,False
